variant_id	scored_interval	gene_id	gene_name	gene_type	gene_strand	junction_Start	junction_End	output_type	variant_scorer	track_name	track_strand	Assay title	ontology_curie	biosample_name	biosample_type	biosample_life_stage	data_source	endedness	genetically_modified	transcription_factor	histone_mark	gtex_tissue	raw_score	quantile_score
chr2:178567885:AGCATTC>	chr2:178043600-179092176:.	ENSG00000155657	TTN	protein_coding	-			RNA_SEQ	GeneMaskActiveScorer(requested_output=RNA_SEQ)	UBERON:0000948 total RNA-seq	-	total RNA-seq	UBERON:0000948	heart	tissue	adult	encode	paired	False				37.725014	0.99999
chr2:178567885:AGCATTC>	chr2:178043600-179092176:.							ATAC	CenterMaskScorer(requested_output=ATAC, width=501, aggregation_type=ACTIVE_SUM)	UBERON:0001157 ATAC-seq	.	ATAC-seq	UBERON:0001157	transverse colon	tissue	adult	encode	paired	False				14.635164	0.6242398
chr2:178567885:AGCATTC>	chr2:178043600-179092176:.	ENSG00000155657	TTN	protein_coding	-			RNA_SEQ	GeneMaskActiveScorer(requested_output=RNA_SEQ)	UBERON:0000948 polyA plus RNA-seq	.	polyA plus RNA-seq	UBERON:0000948	heart	tissue	embryonic	encode	single	False				4.8342543	0.9897305
chr2:178567885:AGCATTC>	chr2:178043600-179092176:.	ENSG00000237298	TTN-AS1	lncRNA	+			RNA_SEQ	GeneMaskActiveScorer(requested_output=RNA_SEQ)	UBERON:0000948 polyA plus RNA-seq	.	polyA plus RNA-seq	UBERON:0000948	heart	tissue	embryonic	encode	single	False				4.509491	0.9887488
chr2:178567885:AGCATTC>	chr2:178043600-179092176:.	ENSG00000237298	TTN-AS1	lncRNA	+			RNA_SEQ	GeneMaskActiveScorer(requested_output=RNA_SEQ)	UBERON:0006566 gtex Heart_Left_Ventricle polyA plus RNA-seq	.	polyA plus RNA-seq	UBERON:0006566	left ventricle myocardium	tissue	adult	gtex	paired	False			Heart_Left_Ventricle	4.376999	0.98487294
chr2:178567885:AGCATTC>	chr2:178043600-179092176:.	ENSG00000270956	ENSG00000270956	lncRNA	+			RNA_SEQ	GeneMaskActiveScorer(requested_output=RNA_SEQ)	UBERON:0000948 polyA plus RNA-seq	.	polyA plus RNA-seq	UBERON:0000948	heart	tissue	embryonic	encode	single	False				4.3456626	0.9882237
chr2:178567885:AGCATTC>	chr2:178043600-179092176:.	ENSG00000270277	ENSG00000270277	lncRNA	+			RNA_SEQ	GeneMaskActiveScorer(requested_output=RNA_SEQ)	UBERON:0000948 polyA plus RNA-seq	.	polyA plus RNA-seq	UBERON:0000948	heart	tissue	embryonic	encode	single	False				4.3377748	0.9882237
chr2:178567885:AGCATTC>	chr2:178043600-179092176:.	ENSG00000155657	TTN	protein_coding	-			RNA_SEQ	GeneMaskActiveScorer(requested_output=RNA_SEQ)	UBERON:0000948 polyA plus RNA-seq	-	polyA plus RNA-seq	UBERON:0000948	heart	tissue	adult	encode	paired	False				4.1589427	0.98739034
chr2:178567885:AGCATTC>	chr2:178043600-179092176:.	ENSG00000155657	TTN	protein_coding	-			RNA_SEQ	GeneMaskActiveScorer(requested_output=RNA_SEQ)	UBERON:0006566 gtex Heart_Left_Ventricle polyA plus RNA-seq	.	polyA plus RNA-seq	UBERON:0006566	left ventricle myocardium	tissue	adult	gtex	paired	False			Heart_Left_Ventricle	4.1220446	0.9841699
chr2:178567885:AGCATTC>	chr2:178043600-179092176:.	ENSG00000270956	ENSG00000270956	lncRNA	+			RNA_SEQ	GeneMaskActiveScorer(requested_output=RNA_SEQ)	UBERON:0006566 gtex Heart_Left_Ventricle polyA plus RNA-seq	.	polyA plus RNA-seq	UBERON:0006566	left ventricle myocardium	tissue	adult	gtex	paired	False			Heart_Left_Ventricle	2.956273	0.9772623
chr2:178567885:AGCATTC>	chr2:178043600-179092176:.	ENSG00000270277	ENSG00000270277	lncRNA	+			RNA_SEQ	GeneMaskActiveScorer(requested_output=RNA_SEQ)	UBERON:0006566 gtex Heart_Left_Ventricle polyA plus RNA-seq	.	polyA plus RNA-seq	UBERON:0006566	left ventricle myocardium	tissue	adult	gtex	paired	False			Heart_Left_Ventricle	2.2642298	0.96744037
chr2:178567885:AGCATTC>	chr2:178043600-179092176:.	ENSG00000163492	CCDC141	protein_coding	-			RNA_SEQ	GeneMaskActiveScorer(requested_output=RNA_SEQ)	UBERON:0000948 total RNA-seq	-	total RNA-seq	UBERON:0000948	heart	tissue	adult	encode	paired	False				1.5744221	0.9892507
chr2:178567885:AGCATTC>	chr2:178043600-179092176:.	ENSG00000279598	ENSG00000279598	TEC	+			RNA_SEQ	GeneMaskActiveScorer(requested_output=RNA_SEQ)	UBERON:0000948 polyA plus RNA-seq	.	polyA plus RNA-seq	UBERON:0000948	heart	tissue	embryonic	encode	single	False				1.5445853	0.95933455
chr2:178567885:AGCATTC>	chr2:178043600-179092176:.	ENSG00000271011	ENSG00000271011	lncRNA	+			RNA_SEQ	GeneMaskActiveScorer(requested_output=RNA_SEQ)	UBERON:0000948 polyA plus RNA-seq	.	polyA plus RNA-seq	UBERON:0000948	heart	tissue	embryonic	encode	single	False				1.5233964	0.95933455
chr2:178567885:AGCATTC>	chr2:178043600-179092176:.	ENSG00000271141	ENSG00000271141	lncRNA	+			RNA_SEQ	GeneMaskActiveScorer(requested_output=RNA_SEQ)	UBERON:0000948 polyA plus RNA-seq	.	polyA plus RNA-seq	UBERON:0000948	heart	tissue	embryonic	encode	single	False				1.4971853	0.95842487
chr2:178567885:AGCATTC>	chr2:178043600-179092176:.	ENSG00000155657	TTN	protein_coding	-	178777584.0	178782805.0	SPLICE_JUNCTIONS	SpliceJunctionScorer()	junction_UBERON:0000948 polyA plus RNA-seq	.	polyA plus RNA-seq	UBERON:0000948	heart	tissue	adult	encode						1.34375	0.99971634
chr2:178567885:AGCATTC>	chr2:178043600-179092176:.	ENSG00000155657	TTN	protein_coding	-	178774473.0	178782805.0	SPLICE_JUNCTIONS	SpliceJunctionScorer()	junction_UBERON:0000948 polyA plus RNA-seq	.	polyA plus RNA-seq	UBERON:0000948	heart	tissue	adult	encode						1.3017578	0.999696
chr2:178567885:AGCATTC>	chr2:178043600-179092176:.	ENSG00000155657	TTN	protein_coding	-	178777975.0	178782805.0	SPLICE_JUNCTIONS	SpliceJunctionScorer()	junction_UBERON:0000948 polyA plus RNA-seq	.	polyA plus RNA-seq	UBERON:0000948	heart	tissue	adult	encode						1.2832031	0.99967426
chr2:178567885:AGCATTC>	chr2:178043600-179092176:.	ENSG00000155657	TTN	protein_coding	-	178624731.0	178632917.0	SPLICE_JUNCTIONS	SpliceJunctionScorer()	junction_UBERON:0000948 polyA plus RNA-seq	.	polyA plus RNA-seq	UBERON:0000948	heart	tissue	adult	encode						1.2587891	0.9996589
chr2:178567885:AGCATTC>	chr2:178043600-179092176:.	ENSG00000155657	TTN	protein_coding	-	178777584.0	178782805.0	SPLICE_JUNCTIONS	SpliceJunctionScorer()	junction_UBERON:0006566 gtex Heart_Left_Ventricle polyA plus RNA-seq	.	polyA plus RNA-seq	UBERON:0006566	left ventricle myocardium	tissue	adult	gtex					Heart_Left_Ventricle	1.1357422	0.99956036
chr2:178567885:AGCATTC>	chr2:178043600-179092176:.	ENSG00000270574	ENSG00000270574	lncRNA	+			RNA_SEQ	GeneMaskActiveScorer(requested_output=RNA_SEQ)	UBERON:0000948 polyA plus RNA-seq	.	polyA plus RNA-seq	UBERON:0000948	heart	tissue	embryonic	encode	single	False				1.1334311	0.94588065
chr2:178567885:AGCATTC>	chr2:178043600-179092176:.	ENSG00000155657	TTN	protein_coding	-	178777975.0	178782805.0	SPLICE_JUNCTIONS	SpliceJunctionScorer()	junction_UBERON:0006566 gtex Heart_Left_Ventricle polyA plus RNA-seq	.	polyA plus RNA-seq	UBERON:0006566	left ventricle myocardium	tissue	adult	gtex					Heart_Left_Ventricle	1.1269531	0.99956036
chr2:178567885:AGCATTC>	chr2:178043600-179092176:.	ENSG00000155657	TTN	protein_coding	-	178783064.0	178785619.0	SPLICE_JUNCTIONS	SpliceJunctionScorer()	junction_UBERON:0000948 polyA plus RNA-seq	.	polyA plus RNA-seq	UBERON:0000948	heart	tissue	adult	encode						1.0957031	0.99956036
chr2:178567885:AGCATTC>	chr2:178043600-179092176:.	ENSG00000155657	TTN	protein_coding	-	178783064.0	178785619.0	SPLICE_JUNCTIONS	SpliceJunctionScorer()	junction_UBERON:0006566 gtex Heart_Left_Ventricle polyA plus RNA-seq	.	polyA plus RNA-seq	UBERON:0006566	left ventricle myocardium	tissue	adult	gtex					Heart_Left_Ventricle	1.0410156	0.99948335
chr2:178567885:AGCATTC>	chr2:178043600-179092176:.	ENSG00000155657	TTN	protein_coding	-	178774473.0	178782805.0	SPLICE_JUNCTIONS	SpliceJunctionScorer()	junction_UBERON:0006566 gtex Heart_Left_Ventricle polyA plus RNA-seq	.	polyA plus RNA-seq	UBERON:0006566	left ventricle myocardium	tissue	adult	gtex					Heart_Left_Ventricle	1.0302734	0.99948335
chr2:178567885:AGCATTC>	chr2:178043600-179092176:.	ENSG00000155657	TTN	protein_coding	-	178624731.0	178632917.0	SPLICE_JUNCTIONS	SpliceJunctionScorer()	junction_UBERON:0006566 gtex Heart_Left_Ventricle polyA plus RNA-seq	.	polyA plus RNA-seq	UBERON:0006566	left ventricle myocardium	tissue	adult	gtex					Heart_Left_Ventricle	1.0078125	0.99944633
chr2:178567885:AGCATTC>	chr2:178043600-179092176:.	ENSG00000163492	CCDC141	protein_coding	-			RNA_SEQ	GeneMaskActiveScorer(requested_output=RNA_SEQ)	UBERON:0000948 polyA plus RNA-seq	.	polyA plus RNA-seq	UBERON:0000948	heart	tissue	embryonic	encode	single	False				0.89754856	0.9327804
chr2:178567885:AGCATTC>	chr2:178043600-179092176:.	ENSG00000155657	TTN	protein_coding	-	178636241.0	178794921.0	SPLICE_JUNCTIONS	SpliceJunctionScorer()	junction_UBERON:0000948 total RNA-seq	.	total RNA-seq	UBERON:0000948	heart	tissue	adult	encode						0.8730469	0.9992528
chr2:178567885:AGCATTC>	chr2:178043600-179092176:.	ENSG00000155657	TTN	protein_coding	-	178771471.0	178785619.0	SPLICE_JUNCTIONS	SpliceJunctionScorer()	junction_UBERON:0000948 polyA plus RNA-seq	.	polyA plus RNA-seq	UBERON:0000948	heart	tissue	adult	encode						0.78466797	0.99916154
chr2:178567885:AGCATTC>	chr2:178043600-179092176:.	ENSG00000271141	ENSG00000271141	lncRNA	+			RNA_SEQ	GeneMaskActiveScorer(requested_output=RNA_SEQ)	UBERON:0006566 gtex Heart_Left_Ventricle polyA plus RNA-seq	.	polyA plus RNA-seq	UBERON:0006566	left ventricle myocardium	tissue	adult	gtex	paired	False			Heart_Left_Ventricle	0.77236557	0.89951414
